subject_id	cm3_split	n_volumes	fd_mean	fd_median	fd_p95	fd_gt05_frac	fd_gt10_frac	fd_gt20_frac	dvars_mean	dvars_gt50med_frac	std_dvars_mean	n_missing_core	n_nonfinite_core	qc_status	std_dvars_gt50med_frac
sub-001	train	400.0	0.2657	0.2371	0.5254	0.0846	0.0	0.0	60.81	0.1256	1.5227	0.0	0.0	COMPUTED	
sub-002	train													NO_CONFOUNDS	
sub-004	train	400.0	0.2356	0.2172	0.4497	0.0282	0.0	0.0	66.52	0.1333	1.587	0.0	0.0	COMPUTED	
sub-005	train	400.0	0.3735	0.319	0.8117	0.1821	0.0205	0.0	81.33	0.1282	1.4658	0.0	0.0	COMPUTED	
sub-006	train	400.0	0.384	0.3591	0.7021	0.2308	0.0026	0.0	62.17	0.0436	1.3874	0.0	0.0	COMPUTED	
sub-007	test	400.0	0.4031	0.3672	0.7643	0.2821	0.0077	0.0	70.56	0.0051	1.4908	0.0	0.0	COMPUTED	
sub-009	val	400.0	0.7263	0.6266	1.6238	0.6487	0.1923	0.0179	70.1	0.1	1.3415	0.0	0.0	COMPUTED	
sub-010	train	400.0	0.5432	0.4905	1.0732	0.4897	0.0641	0.0	71.81	0.0282	1.2874	0.0	0.0	COMPUTED	
sub-011	train	400.0	0.497	0.4604	0.8884	0.4256	0.0205	0.0	68.17	0.0744	1.4184	0.0	0.0	COMPUTED	
sub-012	train	400.0	0.6993	0.6219	1.3993	0.6744	0.1692	0.0077	88.33	0.0538	1.3517	0.0	0.0	COMPUTED	
sub-013	train	400.0	0.4381	0.4265	0.8021	0.3282	0.0051	0.0	57.02	0.0128	1.3615	0.0	0.0	COMPUTED	
sub-014	val	400.0	0.5986	0.5713	1.0361	0.5897	0.0718	0.0051	82.95	0.0385	1.4306	0.0	0.0	COMPUTED	
sub-016	test	400.0	0.3451	0.301	0.7023	0.1564	0.0179	0.0	75.28	0.0795	1.5553	0.0	0.0	COMPUTED	
sub-017	train	400.0	0.6684	0.3892	2.2815	0.359	0.1179	0.0641	69.24	0.1436	1.2892	0.0	0.0	COMPUTED	
sub-018	train	400.0	0.3965	0.3515	0.7327	0.2487	0.0154	0.0026	64.0	0.0282	1.3155	0.0	0.0	COMPUTED	
sub-019	val	400.0	0.7109	0.4376	2.041	0.4385	0.2256	0.0564	72.98	0.1872	1.311	0.0	0.0	COMPUTED	
sub-020	test	400.0	0.3177	0.2892	0.568	0.1051	0.0077	0.0	60.43	0.0128	1.414	0.0	0.0	COMPUTED	
sub-021	train	400.0	0.2395	0.2247	0.4434	0.0256	0.0	0.0	56.3	0.0256	1.4266	0.0	0.0	COMPUTED	
sub-023	val	400.0	0.5639	0.5223	1.0241	0.5359	0.0667	0.0	83.11	0.0359	1.4458	0.0	0.0	COMPUTED	
sub-024	train	400.0	0.3437	0.3146	0.6509	0.1385	0.0103	0.0	56.65	0.0154	1.3064	0.0	0.0	COMPUTED	
sub-025	train	400.0	0.4343	0.4012	0.779	0.3359	0.0128	0.0	56.33	0.0641	1.2978	0.0	0.0	COMPUTED	
sub-026	train	400.0	0.3591	0.3348	0.6661	0.1872	0.0026	0.0	84.7	0.0513	1.4653	0.0	0.0	COMPUTED	
sub-027	val	400.0	0.3147	0.2949	0.622	0.1128	0.0	0.0	47.76	0.0282	1.2073	0.0	0.0	COMPUTED	
sub-029	train	400.0	0.5297	0.4842	1.0067	0.4744	0.0564	0.0	69.88	0.0154	1.3049	0.0	0.0	COMPUTED	
sub-031	train	400.0	0.2563	0.2451	0.4229	0.0205	0.0	0.0	62.85	0.0026	1.5288	0.0	0.0	COMPUTED	
sub-032	train	400.0	0.8562	0.7794	1.6714	0.8	0.3103	0.0128	85.39	0.041	1.301	0.0	0.0	COMPUTED	
sub-033	train	400.0	0.4494	0.3886	0.8546	0.3436	0.0308	0.0026	58.29	0.0308	1.3083	0.0	0.0	COMPUTED	
sub-034	val	400.0	0.7234	0.6421	1.4456	0.6821	0.1949	0.0	88.22	0.0308	1.3318	0.0	0.0	COMPUTED	
sub-035	val	400.0	0.3365	0.3049	0.6236	0.1538	0.0	0.0	51.75	0.0	1.2941	0.0	0.0	COMPUTED	
sub-036	train	400.0	0.3971	0.3673	0.6842	0.2513	0.0051	0.0	67.69	0.0128	1.3689	0.0	0.0	COMPUTED	
sub-037	train	400.0	0.2326	0.2277	0.382	0.0051	0.0	0.0	57.57	0.0205	1.3952	0.0	0.0	COMPUTED	
sub-038	test	400.0	0.5102	0.4659	0.9634	0.4538	0.041	0.0	63.6	0.0692	1.3633	0.0	0.0	COMPUTED	
sub-039	test	400.0	0.1796	0.1639	0.3539	0.0103	0.0	0.0	55.37	0.0692	1.4031	0.0	0.0	COMPUTED	
sub-040	train	400.0	0.2651	0.2456	0.4671	0.0333	0.0	0.0	59.37	0.0256	1.4433	0.0	0.0	COMPUTED	
sub-041	val	400.0	0.173	0.1625	0.3112	0.0026	0.0	0.0	52.78	0.0513	1.5727	0.0	0.0	COMPUTED	
sub-042	train	400.0	0.3011	0.2655	0.5983	0.1051	0.0077	0.0	64.38	0.0077	1.3969	0.0	0.0	COMPUTED	
sub-043	test	400.0	0.2624	0.2309	0.5182	0.0667	0.0	0.0	52.35	0.0385	1.4856	0.0	0.0	COMPUTED	
sub-044	val	400.0	0.2537	0.2288	0.4719	0.0359	0.0	0.0	66.3	0.1205	1.5743	0.0	0.0	COMPUTED	
sub-045	train	400.0	0.4523	0.4159	0.8656	0.3538	0.0179	0.0	67.81	0.0769	1.4731	0.0	0.0	COMPUTED	
sub-046	train	400.0	0.2765	0.249	0.5003	0.0513	0.0051	0.0	54.62	0.0179	1.2061	0.0	0.0	COMPUTED	
sub-047	train	400.0	0.7701	0.4826	2.13	0.4821	0.1949	0.0564	71.92	0.2051	1.272	0.0	0.0	COMPUTED	
sub-048	train	400.0	0.5518	0.5055	1.0382	0.5103	0.0667	0.0	69.62	0.0077	1.3823	0.0	0.0	COMPUTED	
sub-049	test	400.0	0.5323	0.5027	0.9384	0.5077	0.0333	0.0	73.17	0.0077	1.3291	0.0	0.0	COMPUTED	
sub-050	train	400.0	0.2302	0.219	0.4266	0.0128	0.0	0.0	47.48	0.0	1.2817	0.0	0.0	COMPUTED	
sub-051	train	400.0	0.2175	0.1957	0.4352	0.0205	0.0	0.0	59.29	0.0051	1.5849	0.0	0.0	COMPUTED	
sub-052	train	400.0	0.687	0.6309	1.3834	0.6641	0.159	0.0077	66.49	0.0538	1.2942	0.0	0.0	COMPUTED	
sub-053	train	400.0	0.5388	0.4874	1.0625	0.4718	0.0641	0.0	54.12	0.0179	1.2	0.0	0.0	COMPUTED	
sub-054	train	400.0	0.3032	0.2828	0.591	0.0769	0.0	0.0	68.36	0.0359	1.4901	0.0	0.0	COMPUTED	
sub-055	train	400.0	0.6036	0.5489	1.0973	0.5795	0.0795	0.0	84.06	0.0077	1.3263	0.0	0.0	COMPUTED	
sub-056	train	400.0	0.1877	0.1764	0.332	0.0	0.0	0.0	46.02	0.041	1.2176	0.0	0.0	COMPUTED	
sub-057	train	400.0	0.8271	0.7754	1.4379	0.8333	0.2769	0.0077	78.98	0.0436	1.3144	0.0	0.0	COMPUTED	
sub-058	train	400.0	0.5288	0.4819	1.0316	0.4564	0.0564	0.0	85.16	0.0974	1.4496	0.0	0.0	COMPUTED	
sub-059	val	400.0	0.6318	0.5785	1.1929	0.5949	0.1231	0.0026	76.3	0.0256	1.3012	0.0	0.0	COMPUTED	
sub-060	val	400.0	0.3946	0.3526	0.839	0.2308	0.0103	0.0	56.61	0.0256	1.2786	0.0	0.0	COMPUTED	
sub-061	train	400.0	0.3771	0.2835	0.9195	0.2103	0.0462	0.0051	58.75	0.1103	1.2581	0.0	0.0	COMPUTED	
sub-062	train	400.0	0.2822	0.2636	0.5171	0.0692	0.0	0.0	60.69	0.0538	1.4665	0.0	0.0	COMPUTED	
sub-064	train	400.0	0.3632	0.337	0.6647	0.1897	0.0026	0.0	65.89	0.0641	1.3967	0.0	0.0	COMPUTED	
sub-065	train	400.0	0.2917	0.2657	0.5396	0.0744	0.0	0.0	62.73	0.0	1.5477	0.0	0.0	COMPUTED	
sub-066	train	400.0	0.4095	0.3151	0.8989	0.2333	0.0385	0.0128	61.53	0.0615	1.2576	0.0	0.0	COMPUTED	
sub-067	train	400.0	0.2505	0.2277	0.4928	0.0462	0.0	0.0	52.12	0.0436	1.2547	0.0	0.0	COMPUTED	
sub-068	val	400.0	0.6629	0.5995	1.2337	0.6359	0.1462	0.0026	77.88	0.0641	1.3119	0.0	0.0	COMPUTED	
sub-069	train	400.0	0.525	0.4833	0.9966	0.4718	0.0513	0.0	54.98	0.0026	1.2103	0.0	0.0	COMPUTED	
sub-070	train	400.0	0.2957	0.2711	0.5402	0.0769	0.0	0.0	46.13	0.0051	1.2742	0.0	0.0	COMPUTED	
sub-071	train	400.0	0.5958	0.5488	1.1173	0.5846	0.0923	0.0	72.83	0.0179	1.3112	0.0	0.0	COMPUTED	
sub-072	test	400.0	0.3751	0.3421	0.7092	0.2179	0.0	0.0	54.76	0.0205	1.2993	0.0	0.0	COMPUTED	
sub-073	train	400.0	0.4715	0.4162	0.9829	0.3538	0.0487	0.0	76.77	0.0744	1.3954	0.0	0.0	COMPUTED	
sub-074	test	400.0	0.351	0.3072	0.7233	0.1769	0.0154	0.0	65.22	0.0821	1.4379	0.0	0.0	COMPUTED	
sub-075	train	400.0	0.4329	0.3964	0.7973	0.2974	0.0154	0.0	58.13	0.041	1.2182	0.0	0.0	COMPUTED	
sub-076	train	400.0	0.699	0.6123	1.3682	0.6692	0.1615	0.0128	89.79	0.0821	1.4143	0.0	0.0	COMPUTED	
sub-077	train	400.0	0.512	0.4594	1.0039	0.4487	0.0564	0.0	60.9	0.0179	1.2659	0.0	0.0	COMPUTED	
sub-078	val	400.0	0.4899	0.4329	1.0022	0.4205	0.0513	0.0	68.32	0.0487	1.3543	0.0	0.0	COMPUTED	
sub-079	train	400.0	0.2135	0.2017	0.3841	0.0077	0.0	0.0	50.26	0.0077	1.2209	0.0	0.0	COMPUTED	
sub-080	train	400.0	0.3417	0.3094	0.6892	0.1744	0.0051	0.0	56.93	0.0692	1.3893	0.0	0.0	COMPUTED	
sub-081	train	400.0	0.2525	0.2426	0.4688	0.0359	0.0	0.0	61.07	0.0256	1.457	0.0	0.0	COMPUTED	
sub-082	train	400.0	0.8313	0.6503	1.9414	0.6821	0.2462	0.0487	68.98	0.1051	1.204	0.0	0.0	COMPUTED	
sub-083	train	400.0	0.6054	0.5704	1.1315	0.6077	0.0923	0.0026	92.74	0.0667	1.3328	0.0	0.0	COMPUTED	
sub-084	train	400.0	0.5045	0.4452	1.0577	0.4282	0.059	0.0	66.4	0.0256	1.2349	0.0	0.0	COMPUTED	
sub-085	test	400.0	0.5903	0.5304	1.2243	0.5385	0.1103	0.0	83.96	0.1256	1.4101	0.0	0.0	COMPUTED	
sub-086	test	400.0	0.4949	0.4477	0.9733	0.4026	0.0436	0.0	61.8	0.0872	1.258	0.0	0.0	COMPUTED	
sub-087	test	400.0	0.6347	0.5013	1.7142	0.5	0.1462	0.0359	76.17	0.1103	1.3074	0.0	0.0	COMPUTED	
sub-088	train	400.0	0.2847	0.2679	0.5127	0.059	0.0	0.0	52.52	0.0641	1.2909	0.0	0.0	COMPUTED	
sub-089	train	400.0	1.2072	0.8195	3.1977	0.7615	0.3718	0.1179	102.79	0.141	1.3762	0.0	0.0	COMPUTED	
sub-090	train	400.0	0.4621	0.4101	0.8844	0.3718	0.0359	0.0	60.51	0.0026	1.3218	0.0	0.0	COMPUTED	
sub-091	test	400.0	0.265	0.2489	0.5035	0.0538	0.0	0.0	59.08	0.0615	1.4208	0.0	0.0	COMPUTED	
sub-092	train	400.0	0.5932	0.449	1.2777	0.4308	0.0846	0.0308	65.79	0.0615	1.2859	0.0	0.0	COMPUTED	
sub-093	train	400.0	0.5278	0.487	1.0454	0.4744	0.0615	0.0	70.99	0.1051	1.3809	0.0	0.0	COMPUTED	
sub-094	train	400.0	0.3056	0.2669	0.5393	0.0846	0.0103	0.0	56.41	0.1154	1.3038	0.0	0.0	COMPUTED	
sub-096	train	400.0	0.2717	0.256	0.4865	0.0462	0.0026	0.0	60.46	0.0	1.5095	0.0	0.0	COMPUTED	
sub-097	train	400.0	0.2843	0.2567	0.5374	0.0692	0.0026	0.0	61.91	0.0487	1.4834	0.0	0.0	COMPUTED	
sub-098	val	400.0	0.3521	0.3278	0.6409	0.1718	0.0	0.0	61.05	0.0897	1.3975	0.0	0.0	COMPUTED	
sub-099	train	400.0	0.509	0.4654	0.9747	0.4333	0.0487	0.0	62.41	0.041	1.2847	0.0	0.0	COMPUTED	
sub-100	train	400.0	0.2671	0.2466	0.4791	0.041	0.0026	0.0	54.41	0.0282	1.2668	0.0	0.0	COMPUTED	
sub-101	train	400.0	0.2872	0.2741	0.5205	0.0667	0.0	0.0	59.14	0.0103	1.3399	0.0	0.0	COMPUTED	
sub-102	val	400.0	0.3105	0.2719	0.6297	0.1051	0.0051	0.0	60.73	0.0128	1.2692	0.0	0.0	COMPUTED	
sub-103	train	400.0	0.3968	0.355	0.7393	0.2282	0.0077	0.0	64.5	0.0795	1.3887	0.0	0.0	COMPUTED	
sub-105	test	400.0	0.267	0.2499	0.489	0.0436	0.0	0.0	61.03	0.0974	1.422	0.0	0.0	COMPUTED	
sub-106	val	400.0	0.2503	0.2259	0.521	0.0641	0.0	0.0	47.77	0.0	1.2179	0.0	0.0	COMPUTED	
sub-107	train	400.0	0.3419	0.3176	0.6371	0.1564	0.0	0.0	65.41	0.0	1.3837	0.0	0.0	COMPUTED	
sub-108	train	400.0	0.2674	0.2451	0.5022	0.0538	0.0	0.0	54.01	0.0026	1.4074	0.0	0.0	COMPUTED	
sub-109	train	400.0	0.3374	0.2995	0.6768	0.1641	0.0026	0.0	55.55	0.0667	1.276	0.0	0.0	COMPUTED	
sub-110	train	400.0	0.6685	0.5072	1.7451	0.5077	0.1769	0.0282	77.03	0.1026	1.2834	0.0	0.0	COMPUTED	
sub-111	train	400.0	0.6673	0.5925	1.3721	0.641	0.141	0.0077	82.16	0.0462	1.418	0.0	0.0	COMPUTED	
sub-112	train	400.0	0.1728	0.1637	0.3062	0.0026	0.0	0.0	57.7	0.0538	1.5712	0.0	0.0	COMPUTED	
sub-113	val	400.0	0.399	0.3503	0.8104	0.2564	0.0205	0.0	66.08	0.0436	1.3326	0.0	0.0	COMPUTED	
sub-114	train	400.0	0.3152	0.2836	0.6177	0.1154	0.0051	0.0	58.12	0.0359	1.3342	0.0	0.0	COMPUTED	
sub-115	train	400.0	0.3966	0.3757	0.7172	0.2513	0.0026	0.0	57.4	0.0	1.2464	0.0	0.0	COMPUTED	
sub-116	test	400.0	0.5047	0.4372	0.9613	0.4128	0.0385	0.0	66.24	0.0026	1.3986	0.0	0.0	COMPUTED	
sub-117	train	400.0	0.552	0.5173	1.068	0.5436	0.0564	0.0026	77.44	0.0103	1.3989	0.0	0.0	COMPUTED	
sub-118	train	400.0	0.3227	0.2898	0.6399	0.1359	0.0077	0.0	57.94	0.0487	1.3279	0.0	0.0	COMPUTED	
sub-119	val	400.0	0.2888	0.2657	0.508	0.059	0.0	0.0	48.74	0.0026	1.3216	0.0	0.0	COMPUTED	
sub-120	test	400.0	0.5252	0.4876	1.0053	0.4769	0.0513	0.0	71.68	0.1077	1.4125	0.0	0.0	COMPUTED	
sub-121	train	400.0	0.26	0.2345	0.4685	0.0359	0.0	0.0	56.89	0.0128	1.3961	0.0	0.0	COMPUTED	
sub-122	test	400.0	0.3386	0.3112	0.6435	0.1436	0.0026	0.0	70.15	0.0359	1.4974	0.0	0.0	COMPUTED	
sub-123	train	400.0	0.1992	0.1891	0.3828	0.0077	0.0	0.0	44.23	0.0	1.1819	0.0	0.0	COMPUTED	
sub-124	train	400.0	0.291	0.2836	0.5212	0.059	0.0	0.0	55.6	0.0051	1.2999	0.0	0.0	COMPUTED	
sub-125	train	400.0	0.4091	0.3769	0.7357	0.241	0.0128	0.0	56.18	0.0256	1.2316	0.0	0.0	COMPUTED	
sub-126	train	400.0	0.4146	0.3782	0.7832	0.2846	0.0128	0.0	55.4	0.0385	1.2988	0.0	0.0	COMPUTED	
sub-127	train	400.0	0.4412	0.4045	0.8405	0.3462	0.0179	0.0	58.75	0.0051	1.3264	0.0	0.0	COMPUTED	
