subject	api_size	expected_size	url_match	status
sub-001	771374821	771374821	1	OK
sub-002	107	760992594	0	URL_MISMATCH
sub-004	806757482	806757482	1	OK
sub-005	790999446	790999446	1	OK
sub-006	784954175	784954175	1	OK
sub-007	770974468	770974468	1	OK
sub-009	751275687	751275687	1	OK
sub-010	780685739	780685739	1	OK
sub-011	749036721	749036721	1	OK
sub-012	749724995	749724995	1	OK
sub-013	783308201	783308201	1	OK
sub-014	750914630	750914630	1	OK
sub-016	809206955	809206955	1	OK
sub-017	717938258	717938258	1	OK
sub-018	735177976	735177976	1	OK
sub-019	753397513	753397513	1	OK
sub-020	789986121	789986121	1	OK
sub-021	777264726	777264726	1	OK
sub-023	760832403	760832403	1	OK
sub-024	792002192	792002192	1	OK
sub-025	831532602	831532602	1	OK
sub-026	773603295	773603295	1	OK
sub-027	725971720	725971720	1	OK
sub-029	764711633	764711633	1	OK
sub-031	789032122	789032122	1	OK
sub-032	839378661	839378661	1	OK
sub-033	754254877	754254877	1	OK
sub-034	778578584	778578584	1	OK
sub-035	765657160	765657160	1	OK
sub-036	733343099	733343099	1	OK
sub-037	723282861	723282861	1	OK
sub-038	787717026	787717026	1	OK
sub-039	740540129	740540129	1	OK
sub-040	833643071	833643071	1	OK
sub-041	769063229	769063229	1	OK
sub-042	800130458	800130458	1	OK
sub-043	801075328	801075328	1	OK
sub-044	781488670	781488670	1	OK
sub-045	787923642	787923642	1	OK
sub-046	750077686	750077686	1	OK
sub-047	756279474	756279474	1	OK
sub-048	810608047	810608047	1	OK
sub-049	808252602	808252602	1	OK
sub-050	811974647	811974647	1	OK
sub-051	807470589	807470589	1	OK
sub-052	795544208	795544208	1	OK
sub-053	787964348	787964348	1	OK
sub-054	763603351	763603351	1	OK
sub-055	765051903	765051903	1	OK
sub-056	766195737	766195737	1	OK
sub-057	730384806	730384806	1	OK
sub-058	812754931	812754931	1	OK
sub-059	802490588	802490588	1	OK
sub-060	729455581	729455581	1	OK
sub-061	802092457	802092457	1	OK
sub-062	729767182	729767182	1	OK
sub-064	783934772	783934772	1	OK
sub-065	819145072	819145072	1	OK
sub-066	789597243	789597243	1	OK
sub-067	742362852	742362852	1	OK
sub-068	773685098	773685098	1	OK
sub-069	788280936	788280936	1	OK
sub-070	723574837	723574837	1	OK
sub-071	802646535	802646535	1	OK
sub-072	778630363	778630363	1	OK
sub-073	781921730	781921730	1	OK
sub-074	810407825	810407825	1	OK
sub-075	755366749	755366749	1	OK
sub-076	709814724	709814724	1	OK
sub-077	755826791	755826791	1	OK
sub-078	783894086	783894086	1	OK
sub-079	741751789	741751789	1	OK
sub-080	796394379	796394379	1	OK
sub-081	779611266	779611266	1	OK
sub-082	714973270	714973270	1	OK
sub-083	794816295	794816295	1	OK
sub-084	762744847	762744847	1	OK
sub-085	760706949	760706949	1	OK
sub-086	735852518	735852518	1	OK
sub-087	773705293	773705293	1	OK
sub-088	769455455	769455455	1	OK
sub-089	827558338	827558338	1	OK
sub-090	777343710	777343710	1	OK
sub-091	790892919	790892919	1	OK
sub-092	764611976	764611976	1	OK
sub-093	756921496	756921496	1	OK
sub-094	735315956	735315956	1	OK
sub-096	815623396	815623396	1	OK
sub-097	724170461	724170461	1	OK
sub-098	782048686	782048686	1	OK
sub-099	787191350	787191350	1	OK
sub-100	717776987	717776987	1	OK
sub-101	753778301	753778301	1	OK
sub-102	817632153	817632153	1	OK
sub-103	713834774	713834774	1	OK
sub-105	770215025	770215025	1	OK
sub-106	818796803	818796803	1	OK
sub-107	809246472	809246472	1	OK
sub-108	781424166	781424166	1	OK
sub-109	740143531	740143531	1	OK
sub-110	816372283	816372283	1	OK
sub-111	773903419	773903419	1	OK
sub-112	782691528	782691528	1	OK
sub-113	785104692	785104692	1	OK
sub-114	761800361	761800361	1	OK
sub-115	813188567	813188567	1	OK
sub-116	756930942	756930942	1	OK
sub-117	834078984	834078984	1	OK
sub-118	762284223	762284223	1	OK
sub-119	763427467	763427467	1	OK
sub-120	743981115	743981115	1	OK
sub-121	803131110	803131110	1	OK
sub-122	751641124	751641124	1	OK
sub-123	833551514	833551514	1	OK
sub-124	779118796	779118796	1	OK
sub-125	814076087	814076087	1	OK
sub-126	771761804	771761804	1	OK
sub-127	777106069	777106069	1	OK
